outcome,ate_diff_means,ate_regression,reg_se,reg_p_value
days_active,0.21224826065637448,0.21266878570983128,0.011513780461053502,3.5475904358866655e-76
retained_any,0.000539368807766949,0.0005416514070282741,0.00030252994657801465,0.07338867947360442
