,Model 1,Model 2,Model 3
Intercept,156078.70840754648,12.056813152736018,11.342460613079925
education,-17683.05704164493,-0.5712708225262937,0.003864400109736451
I(education ** 2),,0.09585817849525986,
